<?xml version="1.0" encoding="utf-8"?>
<!--
  * Breadcrumbs SEO (Microdata) v2.0 (https://github.com/underr-ua/ocmod3-breadcrumbs-seo)
  * Copyright 2018 Andrii Burkatskyi aka underr
  * Licensed under MIT (https://raw.githubusercontent.com/underr-ua/ocmod3-breadcrumbs-seo/master/LICENSE)
-->
<modification>
    <name>[underr] Breadcrumbs SEO (Microdata)</name>
    <code>breadcrumbs-seo</code>
    <version>2.0</version>
    <author>Andrii Burkatskyi aka underr</author>
    <link>https://github.com/underr-ua/ocmod3-breadcrumbs-seo</link>

    <file path="catalog/view/theme/*/template/product/search.twig" error="skip">
        <operation error="skip">
            <search><![CDATA[<ul class="breadcrumb">]]></search>
            <add position="replace"><![CDATA[<ul class="breadcrumb" itemscope itemtype="https://schema.org/BreadcrumbList">]]></add>
        </operation>
        <operation error="skip">
            <search><![CDATA[<li><a href="{{ breadcrumb.href }}">{{ breadcrumb.text }}</a></li>]]></search>
            <add position="replace"><![CDATA[{% if loop.first %}<li><a href="{{ breadcrumb.href }}">{{ breadcrumb.text }}</a></li>{% else %}<li itemtype="https://schema.org/ListItem" itemprop="itemListElement" itemscope>{% if loop.last %}<span itemtype="https://schema.org/Thing" itemprop="item" itemid="{{ breadcrumb.href }}" itemscope><span itemprop="name">{{ breadcrumb.text }}</span></span>{% else %}<a href="{{ breadcrumb.href }}" itemtype="https://schema.org/Thing" itemprop="item" itemid="{{ breadcrumb.href }}" itemscope><span itemprop="name">{{ breadcrumb.text }}</span></a>{% endif %}<meta itemprop="position" content="{{ loop.index - 1 }}" /></li>{% endif %}]]></add>
        </operation>
    </file>

    <file path="catalog/view/theme/*/template/product/category.twig" error="skip">
        <operation error="skip">
            <search><![CDATA[<ul class="breadcrumb">]]></search>
            <add position="replace"><![CDATA[<ul class="breadcrumb" itemscope itemtype="https://schema.org/BreadcrumbList">]]></add>
        </operation>
        <operation error="skip">
            <search><![CDATA[<li><a href="{{ breadcrumb.href }}">{{ breadcrumb.text }}</a></li>]]></search>
            <add position="replace"><![CDATA[{% if loop.first %}<li><a href="{{ breadcrumb.href }}">{{ breadcrumb.text }}</a></li>{% else %}<li itemtype="https://schema.org/ListItem" itemprop="itemListElement" itemscope>{% if loop.last %}<span itemtype="https://schema.org/Thing" itemprop="item" itemid="{{ breadcrumb.href }}" itemscope><span itemprop="name">{{ breadcrumb.text }}</span></span>{% else %}<a href="{{ breadcrumb.href }}" itemtype="https://schema.org/Thing" itemprop="item" itemid="{{ breadcrumb.href }}" itemscope><span itemprop="name">{{ breadcrumb.text }}</span></a>{% endif %}<meta itemprop="position" content="{{ loop.index - 1 }}" /></li>{% endif %}]]></add>
        </operation>
    </file>

    <file path="catalog/view/theme/*/template/product/special.twig" error="skip">
        <operation error="skip">
            <search><![CDATA[<ul class="breadcrumb">]]></search>
            <add position="replace"><![CDATA[<ul class="breadcrumb" itemscope itemtype="https://schema.org/BreadcrumbList">]]></add>
        </operation>
        <operation error="skip">
            <search><![CDATA[<li><a href="{{ breadcrumb.href }}">{{ breadcrumb.text }}</a></li>]]></search>
            <add position="replace"><![CDATA[{% if loop.first %}<li><a href="{{ breadcrumb.href }}">{{ breadcrumb.text }}</a></li>{% else %}<li itemtype="https://schema.org/ListItem" itemprop="itemListElement" itemscope>{% if loop.last %}<span itemtype="https://schema.org/Thing" itemprop="item" itemid="{{ breadcrumb.href }}" itemscope><span itemprop="name">{{ breadcrumb.text }}</span></span>{% else %}<a href="{{ breadcrumb.href }}" itemtype="https://schema.org/Thing" itemprop="item" itemid="{{ breadcrumb.href }}" itemscope><span itemprop="name">{{ breadcrumb.text }}</span></a>{% endif %}<meta itemprop="position" content="{{ loop.index - 1 }}" /></li>{% endif %}]]></add>
        </operation>
    </file>

    <file path="catalog/view/theme/*/template/product/manufacturer_list.twig" error="skip">
        <operation error="skip">
            <search><![CDATA[<ul class="breadcrumb">]]></search>
            <add position="replace"><![CDATA[<ul class="breadcrumb" itemscope itemtype="https://schema.org/BreadcrumbList">]]></add>
        </operation>
        <operation error="skip">
            <search><![CDATA[<li><a href="{{ breadcrumb.href }}">{{ breadcrumb.text }}</a></li>]]></search>
            <add position="replace"><![CDATA[{% if loop.first %}<li><a href="{{ breadcrumb.href }}">{{ breadcrumb.text }}</a></li>{% else %}<li itemtype="https://schema.org/ListItem" itemprop="itemListElement" itemscope>{% if loop.last %}<span itemtype="https://schema.org/Thing" itemprop="item" itemid="{{ breadcrumb.href }}" itemscope><span itemprop="name">{{ breadcrumb.text }}</span></span>{% else %}<a href="{{ breadcrumb.href }}" itemtype="https://schema.org/Thing" itemprop="item" itemid="{{ breadcrumb.href }}" itemscope><span itemprop="name">{{ breadcrumb.text }}</span></a>{% endif %}<meta itemprop="position" content="{{ loop.index - 1 }}" /></li>{% endif %}]]></add>
        </operation>
    </file>

    <file path="catalog/view/theme/*/template/product/compare.twig" error="skip">
        <operation error="skip">
            <search><![CDATA[<ul class="breadcrumb">]]></search>
            <add position="replace"><![CDATA[<ul class="breadcrumb" itemscope itemtype="https://schema.org/BreadcrumbList">]]></add>
        </operation>
        <operation error="skip">
            <search><![CDATA[<li><a href="{{ breadcrumb.href }}">{{ breadcrumb.text }}</a></li>]]></search>
            <add position="replace"><![CDATA[{% if loop.first %}<li><a href="{{ breadcrumb.href }}">{{ breadcrumb.text }}</a></li>{% else %}<li itemtype="https://schema.org/ListItem" itemprop="itemListElement" itemscope>{% if loop.last %}<span itemtype="https://schema.org/Thing" itemprop="item" itemid="{{ breadcrumb.href }}" itemscope><span itemprop="name">{{ breadcrumb.text }}</span></span>{% else %}<a href="{{ breadcrumb.href }}" itemtype="https://schema.org/Thing" itemprop="item" itemid="{{ breadcrumb.href }}" itemscope><span itemprop="name">{{ breadcrumb.text }}</span></a>{% endif %}<meta itemprop="position" content="{{ loop.index - 1 }}" /></li>{% endif %}]]></add>
        </operation>
    </file>

    <file path="catalog/view/theme/*/template/product/manufacturer_info.twig" error="skip">
        <operation error="skip">
            <search><![CDATA[<ul class="breadcrumb">]]></search>
            <add position="replace"><![CDATA[<ul class="breadcrumb" itemscope itemtype="https://schema.org/BreadcrumbList">]]></add>
        </operation>
        <operation error="skip">
            <search><![CDATA[<li><a href="{{ breadcrumb.href }}">{{ breadcrumb.text }}</a></li>]]></search>
            <add position="replace"><![CDATA[{% if loop.first %}<li><a href="{{ breadcrumb.href }}">{{ breadcrumb.text }}</a></li>{% else %}<li itemtype="https://schema.org/ListItem" itemprop="itemListElement" itemscope>{% if loop.last %}<span itemtype="https://schema.org/Thing" itemprop="item" itemid="{{ breadcrumb.href }}" itemscope><span itemprop="name">{{ breadcrumb.text }}</span></span>{% else %}<a href="{{ breadcrumb.href }}" itemtype="https://schema.org/Thing" itemprop="item" itemid="{{ breadcrumb.href }}" itemscope><span itemprop="name">{{ breadcrumb.text }}</span></a>{% endif %}<meta itemprop="position" content="{{ loop.index - 1 }}" /></li>{% endif %}]]></add>
        </operation>
    </file>


    <file path="catalog/view/theme/*/template/product/product.twig" error="skip">
        <operation error="skip">
            <search><![CDATA[<ul class="breadcrumb">]]></search>
            <add position="replace"><![CDATA[<ul class="breadcrumb" itemscope itemtype="https://schema.org/BreadcrumbList">]]></add>
        </operation>
        <operation error="skip">
            <search><![CDATA[<li><a href="{{ breadcrumb.href }}">{{ breadcrumb.text }}</a></li>]]></search>
            <add position="replace"><![CDATA[{% if loop.first %}<li><a href="{{ breadcrumb.href }}">{{ breadcrumb.text }}</a></li>{% else %}<li itemtype="https://schema.org/ListItem" itemprop="itemListElement" itemscope>{% if loop.last %}<span itemtype="https://schema.org/Thing" itemprop="item" itemid="{{ breadcrumb.href }}" itemscope><span itemprop="name">{{ breadcrumb.text }}</span></span>{% else %}<a href="{{ breadcrumb.href }}" itemtype="https://schema.org/Thing" itemprop="item" itemid="{{ breadcrumb.href }}" itemscope><span itemprop="name">{{ breadcrumb.text }}</span></a>{% endif %}<meta itemprop="position" content="{{ loop.index - 1 }}" /></li>{% endif %}]]></add>
        </operation>
    </file>

    <file path="catalog/view/theme/*/template/checkout/checkout.twig" error="skip">
        <operation error="skip">
            <search><![CDATA[<ul class="breadcrumb">]]></search>
            <add position="replace"><![CDATA[<ul class="breadcrumb" itemscope itemtype="https://schema.org/BreadcrumbList">]]></add>
        </operation>
        <operation error="skip">
            <search><![CDATA[<li><a href="{{ breadcrumb.href }}">{{ breadcrumb.text }}</a></li>]]></search>
            <add position="replace"><![CDATA[{% if loop.first %}<li><a href="{{ breadcrumb.href }}">{{ breadcrumb.text }}</a></li>{% else %}<li itemtype="https://schema.org/ListItem" itemprop="itemListElement" itemscope>{% if loop.last %}<span itemtype="https://schema.org/Thing" itemprop="item" itemid="{{ breadcrumb.href }}" itemscope><span itemprop="name">{{ breadcrumb.text }}</span></span>{% else %}<a href="{{ breadcrumb.href }}" itemtype="https://schema.org/Thing" itemprop="item" itemid="{{ breadcrumb.href }}" itemscope><span itemprop="name">{{ breadcrumb.text }}</span></a>{% endif %}<meta itemprop="position" content="{{ loop.index - 1 }}" /></li>{% endif %}]]></add>
        </operation>
    </file>

    <file path="catalog/view/theme/*/template/checkout/cart.twig" error="skip">
        <operation error="skip">
            <search><![CDATA[<ul class="breadcrumb">]]></search>
            <add position="replace"><![CDATA[<ul class="breadcrumb" itemscope itemtype="https://schema.org/BreadcrumbList">]]></add>
        </operation>
        <operation error="skip">
            <search><![CDATA[<li><a href="{{ breadcrumb.href }}">{{ breadcrumb.text }}</a></li>]]></search>
            <add position="replace"><![CDATA[{% if loop.first %}<li><a href="{{ breadcrumb.href }}">{{ breadcrumb.text }}</a></li>{% else %}<li itemtype="https://schema.org/ListItem" itemprop="itemListElement" itemscope>{% if loop.last %}<span itemtype="https://schema.org/Thing" itemprop="item" itemid="{{ breadcrumb.href }}" itemscope><span itemprop="name">{{ breadcrumb.text }}</span></span>{% else %}<a href="{{ breadcrumb.href }}" itemtype="https://schema.org/Thing" itemprop="item" itemid="{{ breadcrumb.href }}" itemscope><span itemprop="name">{{ breadcrumb.text }}</span></a>{% endif %}<meta itemprop="position" content="{{ loop.index - 1 }}" /></li>{% endif %}]]></add>
        </operation>
    </file>

    <file path="catalog/view/theme/*/template/common/success.twig" error="skip">
        <operation error="skip">
            <search><![CDATA[<ul class="breadcrumb">]]></search>
            <add position="replace"><![CDATA[<ul class="breadcrumb" itemscope itemtype="https://schema.org/BreadcrumbList">]]></add>
        </operation>
        <operation error="skip">
            <search><![CDATA[<li><a href="{{ breadcrumb.href }}">{{ breadcrumb.text }}</a></li>]]></search>
            <add position="replace"><![CDATA[{% if loop.first %}<li><a href="{{ breadcrumb.href }}">{{ breadcrumb.text }}</a></li>{% else %}<li itemtype="https://schema.org/ListItem" itemprop="itemListElement" itemscope>{% if loop.last %}<span itemtype="https://schema.org/Thing" itemprop="item" itemid="{{ breadcrumb.href }}" itemscope><span itemprop="name">{{ breadcrumb.text }}</span></span>{% else %}<a href="{{ breadcrumb.href }}" itemtype="https://schema.org/Thing" itemprop="item" itemid="{{ breadcrumb.href }}" itemscope><span itemprop="name">{{ breadcrumb.text }}</span></a>{% endif %}<meta itemprop="position" content="{{ loop.index - 1 }}" /></li>{% endif %}]]></add>
        </operation>
    </file>


    <file path="catalog/view/theme/*/template/extension/module/buy.twig" error="skip">
        <operation error="skip">
            <search><![CDATA[<ul class="breadcrumb">]]></search>
            <add position="replace"><![CDATA[<ul class="breadcrumb" itemscope itemtype="https://schema.org/BreadcrumbList">]]></add>
        </operation>
        <operation error="skip">
            <search><![CDATA[<li><a href="{{ breadcrumb.href }}">{{ breadcrumb.text }}</a></li>]]></search>
            <add position="replace"><![CDATA[{% if loop.first %}<li><a href="{{ breadcrumb.href }}">{{ breadcrumb.text }}</a></li>{% else %}<li itemtype="https://schema.org/ListItem" itemprop="itemListElement" itemscope>{% if loop.last %}<span itemtype="https://schema.org/Thing" itemprop="item" itemid="{{ breadcrumb.href }}" itemscope><span itemprop="name">{{ breadcrumb.text }}</span></span>{% else %}<a href="{{ breadcrumb.href }}" itemtype="https://schema.org/Thing" itemprop="item" itemid="{{ breadcrumb.href }}" itemscope><span itemprop="name">{{ breadcrumb.text }}</span></a>{% endif %}<meta itemprop="position" content="{{ loop.index - 1 }}" /></li>{% endif %}]]></add>
        </operation>
    </file>


    <file path="catalog/view/theme/*/template/affiliate/login.twig" error="skip">
        <operation error="skip">
            <search><![CDATA[<ul class="breadcrumb">]]></search>
            <add position="replace"><![CDATA[<ul class="breadcrumb" itemscope itemtype="https://schema.org/BreadcrumbList">]]></add>
        </operation>
        <operation error="skip">
            <search><![CDATA[<li><a href="{{ breadcrumb.href }}">{{ breadcrumb.text }}</a></li>]]></search>
            <add position="replace"><![CDATA[{% if loop.first %}<li><a href="{{ breadcrumb.href }}">{{ breadcrumb.text }}</a></li>{% else %}<li itemtype="https://schema.org/ListItem" itemprop="itemListElement" itemscope>{% if loop.last %}<span itemtype="https://schema.org/Thing" itemprop="item" itemid="{{ breadcrumb.href }}" itemscope><span itemprop="name">{{ breadcrumb.text }}</span></span>{% else %}<a href="{{ breadcrumb.href }}" itemtype="https://schema.org/Thing" itemprop="item" itemid="{{ breadcrumb.href }}" itemscope><span itemprop="name">{{ breadcrumb.text }}</span></a>{% endif %}<meta itemprop="position" content="{{ loop.index - 1 }}" /></li>{% endif %}]]></add>
        </operation>
    </file>


    <file path="catalog/view/theme/*/template/affiliate/register.twig" error="skip">
        <operation error="skip">
            <search><![CDATA[<ul class="breadcrumb">]]></search>
            <add position="replace"><![CDATA[<ul class="breadcrumb" itemscope itemtype="https://schema.org/BreadcrumbList">]]></add>
        </operation>
        <operation error="skip">
            <search><![CDATA[<li><a href="{{ breadcrumb.href }}">{{ breadcrumb.text }}</a></li>]]></search>
            <add position="replace"><![CDATA[{% if loop.first %}<li><a href="{{ breadcrumb.href }}">{{ breadcrumb.text }}</a></li>{% else %}<li itemtype="https://schema.org/ListItem" itemprop="itemListElement" itemscope>{% if loop.last %}<span itemtype="https://schema.org/Thing" itemprop="item" itemid="{{ breadcrumb.href }}" itemscope><span itemprop="name">{{ breadcrumb.text }}</span></span>{% else %}<a href="{{ breadcrumb.href }}" itemtype="https://schema.org/Thing" itemprop="item" itemid="{{ breadcrumb.href }}" itemscope><span itemprop="name">{{ breadcrumb.text }}</span></a>{% endif %}<meta itemprop="position" content="{{ loop.index - 1 }}" /></li>{% endif %}]]></add>
        </operation>
    </file>


    <file path="catalog/view/theme/*/template/error/not_found.twig" error="skip">
        <operation error="skip">
            <search><![CDATA[<ul class="breadcrumb">]]></search>
            <add position="replace"><![CDATA[<ul class="breadcrumb" itemscope itemtype="https://schema.org/BreadcrumbList">]]></add>
        </operation>
        <operation error="skip">
            <search><![CDATA[<li><a href="{{ breadcrumb.href }}">{{ breadcrumb.text }}</a></li>]]></search>
            <add position="replace"><![CDATA[{% if loop.first %}<li><a href="{{ breadcrumb.href }}">{{ breadcrumb.text }}</a></li>{% else %}<li itemtype="https://schema.org/ListItem" itemprop="itemListElement" itemscope>{% if loop.last %}<span itemtype="https://schema.org/Thing" itemprop="item" itemid="{{ breadcrumb.href }}" itemscope><span itemprop="name">{{ breadcrumb.text }}</span></span>{% else %}<a href="{{ breadcrumb.href }}" itemtype="https://schema.org/Thing" itemprop="item" itemid="{{ breadcrumb.href }}" itemscope><span itemprop="name">{{ breadcrumb.text }}</span></a>{% endif %}<meta itemprop="position" content="{{ loop.index - 1 }}" /></li>{% endif %}]]></add>
        </operation>
    </file>


    <file path="catalog/view/theme/*/template/account/order_info.twig" error="skip">
        <operation error="skip">
            <search><![CDATA[<ul class="breadcrumb">]]></search>
            <add position="replace"><![CDATA[<ul class="breadcrumb" itemscope itemtype="https://schema.org/BreadcrumbList">]]></add>
        </operation>
        <operation error="skip">
            <search><![CDATA[<li><a href="{{ breadcrumb.href }}">{{ breadcrumb.text }}</a></li>]]></search>
            <add position="replace"><![CDATA[{% if loop.first %}<li><a href="{{ breadcrumb.href }}">{{ breadcrumb.text }}</a></li>{% else %}<li itemtype="https://schema.org/ListItem" itemprop="itemListElement" itemscope>{% if loop.last %}<span itemtype="https://schema.org/Thing" itemprop="item" itemid="{{ breadcrumb.href }}" itemscope><span itemprop="name">{{ breadcrumb.text }}</span></span>{% else %}<a href="{{ breadcrumb.href }}" itemtype="https://schema.org/Thing" itemprop="item" itemid="{{ breadcrumb.href }}" itemscope><span itemprop="name">{{ breadcrumb.text }}</span></a>{% endif %}<meta itemprop="position" content="{{ loop.index - 1 }}" /></li>{% endif %}]]></add>
        </operation>
    </file>

    <file path="catalog/view/theme/*/template/account/affiliate.twig" error="skip">
        <operation error="skip">
            <search><![CDATA[<ul class="breadcrumb">]]></search>
            <add position="replace"><![CDATA[<ul class="breadcrumb" itemscope itemtype="https://schema.org/BreadcrumbList">]]></add>
        </operation>
        <operation error="skip">
            <search><![CDATA[<li><a href="{{ breadcrumb.href }}">{{ breadcrumb.text }}</a></li>]]></search>
            <add position="replace"><![CDATA[{% if loop.first %}<li><a href="{{ breadcrumb.href }}">{{ breadcrumb.text }}</a></li>{% else %}<li itemtype="https://schema.org/ListItem" itemprop="itemListElement" itemscope>{% if loop.last %}<span itemtype="https://schema.org/Thing" itemprop="item" itemid="{{ breadcrumb.href }}" itemscope><span itemprop="name">{{ breadcrumb.text }}</span></span>{% else %}<a href="{{ breadcrumb.href }}" itemtype="https://schema.org/Thing" itemprop="item" itemid="{{ breadcrumb.href }}" itemscope><span itemprop="name">{{ breadcrumb.text }}</span></a>{% endif %}<meta itemprop="position" content="{{ loop.index - 1 }}" /></li>{% endif %}]]></add>
        </operation>
    </file>

    <file path="catalog/view/theme/*/template/account/order_list.twig" error="skip">
        <operation error="skip">
            <search><![CDATA[<ul class="breadcrumb">]]></search>
            <add position="replace"><![CDATA[<ul class="breadcrumb" itemscope itemtype="https://schema.org/BreadcrumbList">]]></add>
        </operation>
        <operation error="skip">
            <search><![CDATA[<li><a href="{{ breadcrumb.href }}">{{ breadcrumb.text }}</a></li>]]></search>
            <add position="replace"><![CDATA[{% if loop.first %}<li><a href="{{ breadcrumb.href }}">{{ breadcrumb.text }}</a></li>{% else %}<li itemtype="https://schema.org/ListItem" itemprop="itemListElement" itemscope>{% if loop.last %}<span itemtype="https://schema.org/Thing" itemprop="item" itemid="{{ breadcrumb.href }}" itemscope><span itemprop="name">{{ breadcrumb.text }}</span></span>{% else %}<a href="{{ breadcrumb.href }}" itemtype="https://schema.org/Thing" itemprop="item" itemid="{{ breadcrumb.href }}" itemscope><span itemprop="name">{{ breadcrumb.text }}</span></a>{% endif %}<meta itemprop="position" content="{{ loop.index - 1 }}" /></li>{% endif %}]]></add>
        </operation>
    </file>

    <file path="catalog/view/theme/*/template/account/recurring_info.twig" error="skip">
        <operation error="skip">
            <search><![CDATA[<ul class="breadcrumb">]]></search>
            <add position="replace"><![CDATA[<ul class="breadcrumb" itemscope itemtype="https://schema.org/BreadcrumbList">]]></add>
        </operation>
        <operation error="skip">
            <search><![CDATA[<li><a href="{{ breadcrumb.href }}">{{ breadcrumb.text }}</a></li>]]></search>
            <add position="replace"><![CDATA[{% if loop.first %}<li><a href="{{ breadcrumb.href }}">{{ breadcrumb.text }}</a></li>{% else %}<li itemtype="https://schema.org/ListItem" itemprop="itemListElement" itemscope>{% if loop.last %}<span itemtype="https://schema.org/Thing" itemprop="item" itemid="{{ breadcrumb.href }}" itemscope><span itemprop="name">{{ breadcrumb.text }}</span></span>{% else %}<a href="{{ breadcrumb.href }}" itemtype="https://schema.org/Thing" itemprop="item" itemid="{{ breadcrumb.href }}" itemscope><span itemprop="name">{{ breadcrumb.text }}</span></a>{% endif %}<meta itemprop="position" content="{{ loop.index - 1 }}" /></li>{% endif %}]]></add>
        </operation>
    </file>

    <file path="catalog/view/theme/*/template/account/tracking.twig" error="skip">
        <operation error="skip">
            <search><![CDATA[<ul class="breadcrumb">]]></search>
            <add position="replace"><![CDATA[<ul class="breadcrumb" itemscope itemtype="https://schema.org/BreadcrumbList">]]></add>
        </operation>
        <operation error="skip">
            <search><![CDATA[<li><a href="{{ breadcrumb.href }}">{{ breadcrumb.text }}</a></li>]]></search>
            <add position="replace"><![CDATA[{% if loop.first %}<li><a href="{{ breadcrumb.href }}">{{ breadcrumb.text }}</a></li>{% else %}<li itemtype="https://schema.org/ListItem" itemprop="itemListElement" itemscope>{% if loop.last %}<span itemtype="https://schema.org/Thing" itemprop="item" itemid="{{ breadcrumb.href }}" itemscope><span itemprop="name">{{ breadcrumb.text }}</span></span>{% else %}<a href="{{ breadcrumb.href }}" itemtype="https://schema.org/Thing" itemprop="item" itemid="{{ breadcrumb.href }}" itemscope><span itemprop="name">{{ breadcrumb.text }}</span></a>{% endif %}<meta itemprop="position" content="{{ loop.index - 1 }}" /></li>{% endif %}]]></add>
        </operation>
    </file>

    <file path="catalog/view/theme/*/template/account/forgotten.twig" error="skip">
        <operation error="skip">
            <search><![CDATA[<ul class="breadcrumb">]]></search>
            <add position="replace"><![CDATA[<ul class="breadcrumb" itemscope itemtype="https://schema.org/BreadcrumbList">]]></add>
        </operation>
        <operation error="skip">
            <search><![CDATA[<li><a href="{{ breadcrumb.href }}">{{ breadcrumb.text }}</a></li>]]></search>
            <add position="replace"><![CDATA[{% if loop.first %}<li><a href="{{ breadcrumb.href }}">{{ breadcrumb.text }}</a></li>{% else %}<li itemtype="https://schema.org/ListItem" itemprop="itemListElement" itemscope>{% if loop.last %}<span itemtype="https://schema.org/Thing" itemprop="item" itemid="{{ breadcrumb.href }}" itemscope><span itemprop="name">{{ breadcrumb.text }}</span></span>{% else %}<a href="{{ breadcrumb.href }}" itemtype="https://schema.org/Thing" itemprop="item" itemid="{{ breadcrumb.href }}" itemscope><span itemprop="name">{{ breadcrumb.text }}</span></a>{% endif %}<meta itemprop="position" content="{{ loop.index - 1 }}" /></li>{% endif %}]]></add>
        </operation>
    </file>


    <file path="catalog/view/theme/*/template/account/reward.twig" error="skip">
        <operation error="skip">
            <search><![CDATA[<ul class="breadcrumb">]]></search>
            <add position="replace"><![CDATA[<ul class="breadcrumb" itemscope itemtype="https://schema.org/BreadcrumbList">]]></add>
        </operation>
        <operation error="skip">
            <search><![CDATA[<li><a href="{{ breadcrumb.href }}">{{ breadcrumb.text }}</a></li>]]></search>
            <add position="replace"><![CDATA[{% if loop.first %}<li><a href="{{ breadcrumb.href }}">{{ breadcrumb.text }}</a></li>{% else %}<li itemtype="https://schema.org/ListItem" itemprop="itemListElement" itemscope>{% if loop.last %}<span itemtype="https://schema.org/Thing" itemprop="item" itemid="{{ breadcrumb.href }}" itemscope><span itemprop="name">{{ breadcrumb.text }}</span></span>{% else %}<a href="{{ breadcrumb.href }}" itemtype="https://schema.org/Thing" itemprop="item" itemid="{{ breadcrumb.href }}" itemscope><span itemprop="name">{{ breadcrumb.text }}</span></a>{% endif %}<meta itemprop="position" content="{{ loop.index - 1 }}" /></li>{% endif %}]]></add>
        </operation>
    </file>

    <file path="catalog/view/theme/*/template/account/newsletter.twig" error="skip">
        <operation error="skip">
            <search><![CDATA[<ul class="breadcrumb">]]></search>
            <add position="replace"><![CDATA[<ul class="breadcrumb" itemscope itemtype="https://schema.org/BreadcrumbList">]]></add>
        </operation>
        <operation error="skip">
            <search><![CDATA[<li><a href="{{ breadcrumb.href }}">{{ breadcrumb.text }}</a></li>]]></search>
            <add position="replace"><![CDATA[{% if loop.first %}<li><a href="{{ breadcrumb.href }}">{{ breadcrumb.text }}</a></li>{% else %}<li itemtype="https://schema.org/ListItem" itemprop="itemListElement" itemscope>{% if loop.last %}<span itemtype="https://schema.org/Thing" itemprop="item" itemid="{{ breadcrumb.href }}" itemscope><span itemprop="name">{{ breadcrumb.text }}</span></span>{% else %}<a href="{{ breadcrumb.href }}" itemtype="https://schema.org/Thing" itemprop="item" itemid="{{ breadcrumb.href }}" itemscope><span itemprop="name">{{ breadcrumb.text }}</span></a>{% endif %}<meta itemprop="position" content="{{ loop.index - 1 }}" /></li>{% endif %}]]></add>
        </operation>
    </file>

    <file path="catalog/view/theme/*/template/account/transaction.twig" error="skip">
        <operation error="skip">
            <search><![CDATA[<ul class="breadcrumb">]]></search>
            <add position="replace"><![CDATA[<ul class="breadcrumb" itemscope itemtype="https://schema.org/BreadcrumbList">]]></add>
        </operation>
        <operation error="skip">
            <search><![CDATA[<li><a href="{{ breadcrumb.href }}">{{ breadcrumb.text }}</a></li>]]></search>
            <add position="replace"><![CDATA[{% if loop.first %}<li><a href="{{ breadcrumb.href }}">{{ breadcrumb.text }}</a></li>{% else %}<li itemtype="https://schema.org/ListItem" itemprop="itemListElement" itemscope>{% if loop.last %}<span itemtype="https://schema.org/Thing" itemprop="item" itemid="{{ breadcrumb.href }}" itemscope><span itemprop="name">{{ breadcrumb.text }}</span></span>{% else %}<a href="{{ breadcrumb.href }}" itemtype="https://schema.org/Thing" itemprop="item" itemid="{{ breadcrumb.href }}" itemscope><span itemprop="name">{{ breadcrumb.text }}</span></a>{% endif %}<meta itemprop="position" content="{{ loop.index - 1 }}" /></li>{% endif %}]]></add>
        </operation>
    </file>

    <file path="catalog/view/theme/*/template/account/reset.twig" error="skip">
        <operation error="skip">
            <search><![CDATA[<ul class="breadcrumb">]]></search>
            <add position="replace"><![CDATA[<ul class="breadcrumb" itemscope itemtype="https://schema.org/BreadcrumbList">]]></add>
        </operation>
        <operation error="skip">
            <search><![CDATA[<li><a href="{{ breadcrumb.href }}">{{ breadcrumb.text }}</a></li>]]></search>
            <add position="replace"><![CDATA[{% if loop.first %}<li><a href="{{ breadcrumb.href }}">{{ breadcrumb.text }}</a></li>{% else %}<li itemtype="https://schema.org/ListItem" itemprop="itemListElement" itemscope>{% if loop.last %}<span itemtype="https://schema.org/Thing" itemprop="item" itemid="{{ breadcrumb.href }}" itemscope><span itemprop="name">{{ breadcrumb.text }}</span></span>{% else %}<a href="{{ breadcrumb.href }}" itemtype="https://schema.org/Thing" itemprop="item" itemid="{{ breadcrumb.href }}" itemscope><span itemprop="name">{{ breadcrumb.text }}</span></a>{% endif %}<meta itemprop="position" content="{{ loop.index - 1 }}" /></li>{% endif %}]]></add>
        </operation>
    </file>

    <file path="catalog/view/theme/*/template/account/password.twig" error="skip">
        <operation error="skip">
            <search><![CDATA[<ul class="breadcrumb">]]></search>
            <add position="replace"><![CDATA[<ul class="breadcrumb" itemscope itemtype="https://schema.org/BreadcrumbList">]]></add>
        </operation>
        <operation error="skip">
            <search><![CDATA[<li><a href="{{ breadcrumb.href }}">{{ breadcrumb.text }}</a></li>]]></search>
            <add position="replace"><![CDATA[{% if loop.first %}<li><a href="{{ breadcrumb.href }}">{{ breadcrumb.text }}</a></li>{% else %}<li itemtype="https://schema.org/ListItem" itemprop="itemListElement" itemscope>{% if loop.last %}<span itemtype="https://schema.org/Thing" itemprop="item" itemid="{{ breadcrumb.href }}" itemscope><span itemprop="name">{{ breadcrumb.text }}</span></span>{% else %}<a href="{{ breadcrumb.href }}" itemtype="https://schema.org/Thing" itemprop="item" itemid="{{ breadcrumb.href }}" itemscope><span itemprop="name">{{ breadcrumb.text }}</span></a>{% endif %}<meta itemprop="position" content="{{ loop.index - 1 }}" /></li>{% endif %}]]></add>
        </operation>
    </file>

    <file path="catalog/view/theme/*/template/account/login.twig" error="skip">
        <operation error="skip">
            <search><![CDATA[<ul class="breadcrumb">]]></search>
            <add position="replace"><![CDATA[<ul class="breadcrumb" itemscope itemtype="https://schema.org/BreadcrumbList">]]></add>
        </operation>
        <operation error="skip">
            <search><![CDATA[<li><a href="{{ breadcrumb.href }}">{{ breadcrumb.text }}</a></li>]]></search>
            <add position="replace"><![CDATA[{% if loop.first %}<li><a href="{{ breadcrumb.href }}">{{ breadcrumb.text }}</a></li>{% else %}<li itemtype="https://schema.org/ListItem" itemprop="itemListElement" itemscope>{% if loop.last %}<span itemtype="https://schema.org/Thing" itemprop="item" itemid="{{ breadcrumb.href }}" itemscope><span itemprop="name">{{ breadcrumb.text }}</span></span>{% else %}<a href="{{ breadcrumb.href }}" itemtype="https://schema.org/Thing" itemprop="item" itemid="{{ breadcrumb.href }}" itemscope><span itemprop="name">{{ breadcrumb.text }}</span></a>{% endif %}<meta itemprop="position" content="{{ loop.index - 1 }}" /></li>{% endif %}]]></add>
        </operation>
    </file>

    <file path="catalog/view/theme/*/template/account/voucher.twig" error="skip">
        <operation error="skip">
            <search><![CDATA[<ul class="breadcrumb">]]></search>
            <add position="replace"><![CDATA[<ul class="breadcrumb" itemscope itemtype="https://schema.org/BreadcrumbList">]]></add>
        </operation>
        <operation error="skip">
            <search><![CDATA[<li><a href="{{ breadcrumb.href }}">{{ breadcrumb.text }}</a></li>]]></search>
            <add position="replace"><![CDATA[{% if loop.first %}<li><a href="{{ breadcrumb.href }}">{{ breadcrumb.text }}</a></li>{% else %}<li itemtype="https://schema.org/ListItem" itemprop="itemListElement" itemscope>{% if loop.last %}<span itemtype="https://schema.org/Thing" itemprop="item" itemid="{{ breadcrumb.href }}" itemscope><span itemprop="name">{{ breadcrumb.text }}</span></span>{% else %}<a href="{{ breadcrumb.href }}" itemtype="https://schema.org/Thing" itemprop="item" itemid="{{ breadcrumb.href }}" itemscope><span itemprop="name">{{ breadcrumb.text }}</span></a>{% endif %}<meta itemprop="position" content="{{ loop.index - 1 }}" /></li>{% endif %}]]></add>
        </operation>
    </file>

    <file path="catalog/view/theme/*/template/account/recurring_list.twig" error="skip">
        <operation error="skip">
            <search><![CDATA[<ul class="breadcrumb">]]></search>
            <add position="replace"><![CDATA[<ul class="breadcrumb" itemscope itemtype="https://schema.org/BreadcrumbList">]]></add>
        </operation>
        <operation error="skip">
            <search><![CDATA[<li><a href="{{ breadcrumb.href }}">{{ breadcrumb.text }}</a></li>]]></search>
            <add position="replace"><![CDATA[{% if loop.first %}<li><a href="{{ breadcrumb.href }}">{{ breadcrumb.text }}</a></li>{% else %}<li itemtype="https://schema.org/ListItem" itemprop="itemListElement" itemscope>{% if loop.last %}<span itemtype="https://schema.org/Thing" itemprop="item" itemid="{{ breadcrumb.href }}" itemscope><span itemprop="name">{{ breadcrumb.text }}</span></span>{% else %}<a href="{{ breadcrumb.href }}" itemtype="https://schema.org/Thing" itemprop="item" itemid="{{ breadcrumb.href }}" itemscope><span itemprop="name">{{ breadcrumb.text }}</span></a>{% endif %}<meta itemprop="position" content="{{ loop.index - 1 }}" /></li>{% endif %}]]></add>
        </operation>
    </file>

    <file path="catalog/view/theme/*/template/account/address_form.twig" error="skip">
        <operation error="skip">
            <search><![CDATA[<ul class="breadcrumb">]]></search>
            <add position="replace"><![CDATA[<ul class="breadcrumb" itemscope itemtype="https://schema.org/BreadcrumbList">]]></add>
        </operation>
        <operation error="skip">
            <search><![CDATA[<li><a href="{{ breadcrumb.href }}">{{ breadcrumb.text }}</a></li>]]></search>
            <add position="replace"><![CDATA[{% if loop.first %}<li><a href="{{ breadcrumb.href }}">{{ breadcrumb.text }}</a></li>{% else %}<li itemtype="https://schema.org/ListItem" itemprop="itemListElement" itemscope>{% if loop.last %}<span itemtype="https://schema.org/Thing" itemprop="item" itemid="{{ breadcrumb.href }}" itemscope><span itemprop="name">{{ breadcrumb.text }}</span></span>{% else %}<a href="{{ breadcrumb.href }}" itemtype="https://schema.org/Thing" itemprop="item" itemid="{{ breadcrumb.href }}" itemscope><span itemprop="name">{{ breadcrumb.text }}</span></a>{% endif %}<meta itemprop="position" content="{{ loop.index - 1 }}" /></li>{% endif %}]]></add>
        </operation>
    </file>

    <file path="catalog/view/theme/*/template/account/return_list.twig" error="skip">
        <operation error="skip">
            <search><![CDATA[<ul class="breadcrumb">]]></search>
            <add position="replace"><![CDATA[<ul class="breadcrumb" itemscope itemtype="https://schema.org/BreadcrumbList">]]></add>
        </operation>
        <operation error="skip">
            <search><![CDATA[<li><a href="{{ breadcrumb.href }}">{{ breadcrumb.text }}</a></li>]]></search>
            <add position="replace"><![CDATA[{% if loop.first %}<li><a href="{{ breadcrumb.href }}">{{ breadcrumb.text }}</a></li>{% else %}<li itemtype="https://schema.org/ListItem" itemprop="itemListElement" itemscope>{% if loop.last %}<span itemtype="https://schema.org/Thing" itemprop="item" itemid="{{ breadcrumb.href }}" itemscope><span itemprop="name">{{ breadcrumb.text }}</span></span>{% else %}<a href="{{ breadcrumb.href }}" itemtype="https://schema.org/Thing" itemprop="item" itemid="{{ breadcrumb.href }}" itemscope><span itemprop="name">{{ breadcrumb.text }}</span></a>{% endif %}<meta itemprop="position" content="{{ loop.index - 1 }}" /></li>{% endif %}]]></add>
        </operation>
    </file>

    <file path="catalog/view/theme/*/template/account/return_form.twig" error="skip">
        <operation error="skip">
            <search><![CDATA[<ul class="breadcrumb">]]></search>
            <add position="replace"><![CDATA[<ul class="breadcrumb" itemscope itemtype="https://schema.org/BreadcrumbList">]]></add>
        </operation>
        <operation error="skip">
            <search><![CDATA[<li><a href="{{ breadcrumb.href }}">{{ breadcrumb.text }}</a></li>]]></search>
            <add position="replace"><![CDATA[{% if loop.first %}<li><a href="{{ breadcrumb.href }}">{{ breadcrumb.text }}</a></li>{% else %}<li itemtype="https://schema.org/ListItem" itemprop="itemListElement" itemscope>{% if loop.last %}<span itemtype="https://schema.org/Thing" itemprop="item" itemid="{{ breadcrumb.href }}" itemscope><span itemprop="name">{{ breadcrumb.text }}</span></span>{% else %}<a href="{{ breadcrumb.href }}" itemtype="https://schema.org/Thing" itemprop="item" itemid="{{ breadcrumb.href }}" itemscope><span itemprop="name">{{ breadcrumb.text }}</span></a>{% endif %}<meta itemprop="position" content="{{ loop.index - 1 }}" /></li>{% endif %}]]></add>
        </operation>
    </file>

    <file path="catalog/view/theme/*/template/account/download.twig" error="skip">
        <operation error="skip">
            <search><![CDATA[<ul class="breadcrumb">]]></search>
            <add position="replace"><![CDATA[<ul class="breadcrumb" itemscope itemtype="https://schema.org/BreadcrumbList">]]></add>
        </operation>
        <operation error="skip">
            <search><![CDATA[<li><a href="{{ breadcrumb.href }}">{{ breadcrumb.text }}</a></li>]]></search>
            <add position="replace"><![CDATA[{% if loop.first %}<li><a href="{{ breadcrumb.href }}">{{ breadcrumb.text }}</a></li>{% else %}<li itemtype="https://schema.org/ListItem" itemprop="itemListElement" itemscope>{% if loop.last %}<span itemtype="https://schema.org/Thing" itemprop="item" itemid="{{ breadcrumb.href }}" itemscope><span itemprop="name">{{ breadcrumb.text }}</span></span>{% else %}<a href="{{ breadcrumb.href }}" itemtype="https://schema.org/Thing" itemprop="item" itemid="{{ breadcrumb.href }}" itemscope><span itemprop="name">{{ breadcrumb.text }}</span></a>{% endif %}<meta itemprop="position" content="{{ loop.index - 1 }}" /></li>{% endif %}]]></add>
        </operation>
    </file>

    <file path="catalog/view/theme/*/template/account/address_list.twig" error="skip">
        <operation error="skip">
            <search><![CDATA[<ul class="breadcrumb">]]></search>
            <add position="replace"><![CDATA[<ul class="breadcrumb" itemscope itemtype="https://schema.org/BreadcrumbList">]]></add>
        </operation>
        <operation error="skip">
            <search><![CDATA[<li><a href="{{ breadcrumb.href }}">{{ breadcrumb.text }}</a></li>]]></search>
            <add position="replace"><![CDATA[{% if loop.first %}<li><a href="{{ breadcrumb.href }}">{{ breadcrumb.text }}</a></li>{% else %}<li itemtype="https://schema.org/ListItem" itemprop="itemListElement" itemscope>{% if loop.last %}<span itemtype="https://schema.org/Thing" itemprop="item" itemid="{{ breadcrumb.href }}" itemscope><span itemprop="name">{{ breadcrumb.text }}</span></span>{% else %}<a href="{{ breadcrumb.href }}" itemtype="https://schema.org/Thing" itemprop="item" itemid="{{ breadcrumb.href }}" itemscope><span itemprop="name">{{ breadcrumb.text }}</span></a>{% endif %}<meta itemprop="position" content="{{ loop.index - 1 }}" /></li>{% endif %}]]></add>
        </operation>
    </file>

    <file path="catalog/view/theme/*/template/account/account.twig" error="skip">
        <operation error="skip">
            <search><![CDATA[<ul class="breadcrumb">]]></search>
            <add position="replace"><![CDATA[<ul class="breadcrumb" itemscope itemtype="https://schema.org/BreadcrumbList">]]></add>
        </operation>
        <operation error="skip">
            <search><![CDATA[<li><a href="{{ breadcrumb.href }}">{{ breadcrumb.text }}</a></li>]]></search>
            <add position="replace"><![CDATA[{% if loop.first %}<li><a href="{{ breadcrumb.href }}">{{ breadcrumb.text }}</a></li>{% else %}<li itemtype="https://schema.org/ListItem" itemprop="itemListElement" itemscope>{% if loop.last %}<span itemtype="https://schema.org/Thing" itemprop="item" itemid="{{ breadcrumb.href }}" itemscope><span itemprop="name">{{ breadcrumb.text }}</span></span>{% else %}<a href="{{ breadcrumb.href }}" itemtype="https://schema.org/Thing" itemprop="item" itemid="{{ breadcrumb.href }}" itemscope><span itemprop="name">{{ breadcrumb.text }}</span></a>{% endif %}<meta itemprop="position" content="{{ loop.index - 1 }}" /></li>{% endif %}]]></add>
        </operation>
    </file>

    <file path="catalog/view/theme/*/template/account/return_info.twig" error="skip">
        <operation error="skip">
            <search><![CDATA[<ul class="breadcrumb">]]></search>
            <add position="replace"><![CDATA[<ul class="breadcrumb" itemscope itemtype="https://schema.org/BreadcrumbList">]]></add>
        </operation>
        <operation error="skip">
            <search><![CDATA[<li><a href="{{ breadcrumb.href }}">{{ breadcrumb.text }}</a></li>]]></search>
            <add position="replace"><![CDATA[{% if loop.first %}<li><a href="{{ breadcrumb.href }}">{{ breadcrumb.text }}</a></li>{% else %}<li itemtype="https://schema.org/ListItem" itemprop="itemListElement" itemscope>{% if loop.last %}<span itemtype="https://schema.org/Thing" itemprop="item" itemid="{{ breadcrumb.href }}" itemscope><span itemprop="name">{{ breadcrumb.text }}</span></span>{% else %}<a href="{{ breadcrumb.href }}" itemtype="https://schema.org/Thing" itemprop="item" itemid="{{ breadcrumb.href }}" itemscope><span itemprop="name">{{ breadcrumb.text }}</span></a>{% endif %}<meta itemprop="position" content="{{ loop.index - 1 }}" /></li>{% endif %}]]></add>
        </operation>
    </file>

    <file path="catalog/view/theme/*/template/account/register.twig" error="skip">
        <operation error="skip">
            <search><![CDATA[<ul class="breadcrumb">]]></search>
            <add position="replace"><![CDATA[<ul class="breadcrumb" itemscope itemtype="https://schema.org/BreadcrumbList">]]></add>
        </operation>
        <operation error="skip">
            <search><![CDATA[<li><a href="{{ breadcrumb.href }}">{{ breadcrumb.text }}</a></li>]]></search>
            <add position="replace"><![CDATA[{% if loop.first %}<li><a href="{{ breadcrumb.href }}">{{ breadcrumb.text }}</a></li>{% else %}<li itemtype="https://schema.org/ListItem" itemprop="itemListElement" itemscope>{% if loop.last %}<span itemtype="https://schema.org/Thing" itemprop="item" itemid="{{ breadcrumb.href }}" itemscope><span itemprop="name">{{ breadcrumb.text }}</span></span>{% else %}<a href="{{ breadcrumb.href }}" itemtype="https://schema.org/Thing" itemprop="item" itemid="{{ breadcrumb.href }}" itemscope><span itemprop="name">{{ breadcrumb.text }}</span></a>{% endif %}<meta itemprop="position" content="{{ loop.index - 1 }}" /></li>{% endif %}]]></add>
        </operation>
    </file>

    <file path="catalog/view/theme/*/template/account/edit.twig" error="skip">
        <operation error="skip">
            <search><![CDATA[<ul class="breadcrumb">]]></search>
            <add position="replace"><![CDATA[<ul class="breadcrumb" itemscope itemtype="https://schema.org/BreadcrumbList">]]></add>
        </operation>
        <operation error="skip">
            <search><![CDATA[<li><a href="{{ breadcrumb.href }}">{{ breadcrumb.text }}</a></li>]]></search>
            <add position="replace"><![CDATA[{% if loop.first %}<li><a href="{{ breadcrumb.href }}">{{ breadcrumb.text }}</a></li>{% else %}<li itemtype="https://schema.org/ListItem" itemprop="itemListElement" itemscope>{% if loop.last %}<span itemtype="https://schema.org/Thing" itemprop="item" itemid="{{ breadcrumb.href }}" itemscope><span itemprop="name">{{ breadcrumb.text }}</span></span>{% else %}<a href="{{ breadcrumb.href }}" itemtype="https://schema.org/Thing" itemprop="item" itemid="{{ breadcrumb.href }}" itemscope><span itemprop="name">{{ breadcrumb.text }}</span></a>{% endif %}<meta itemprop="position" content="{{ loop.index - 1 }}" /></li>{% endif %}]]></add>
        </operation>
    </file>

    <file path="catalog/view/theme/*/template/account/wishlist.twig" error="skip">
        <operation error="skip">
            <search><![CDATA[<ul class="breadcrumb">]]></search>
            <add position="replace"><![CDATA[<ul class="breadcrumb" itemscope itemtype="https://schema.org/BreadcrumbList">]]></add>
        </operation>
        <operation error="skip">
            <search><![CDATA[<li><a href="{{ breadcrumb.href }}">{{ breadcrumb.text }}</a></li>]]></search>
            <add position="replace"><![CDATA[{% if loop.first %}<li><a href="{{ breadcrumb.href }}">{{ breadcrumb.text }}</a></li>{% else %}<li itemtype="https://schema.org/ListItem" itemprop="itemListElement" itemscope>{% if loop.last %}<span itemtype="https://schema.org/Thing" itemprop="item" itemid="{{ breadcrumb.href }}" itemscope><span itemprop="name">{{ breadcrumb.text }}</span></span>{% else %}<a href="{{ breadcrumb.href }}" itemtype="https://schema.org/Thing" itemprop="item" itemid="{{ breadcrumb.href }}" itemscope><span itemprop="name">{{ breadcrumb.text }}</span></a>{% endif %}<meta itemprop="position" content="{{ loop.index - 1 }}" /></li>{% endif %}]]></add>
        </operation>
    </file>

    <file path="catalog/view/theme/*/template/information/tracking.twig" error="skip">
        <operation error="skip">
            <search><![CDATA[<ul class="breadcrumb">]]></search>
            <add position="replace"><![CDATA[<ul class="breadcrumb" itemscope itemtype="https://schema.org/BreadcrumbList">]]></add>
        </operation>
        <operation error="skip">
            <search><![CDATA[<li><a href="{{ breadcrumb.href }}">{{ breadcrumb.text }}</a></li>]]></search>
            <add position="replace"><![CDATA[{% if loop.first %}<li><a href="{{ breadcrumb.href }}">{{ breadcrumb.text }}</a></li>{% else %}<li itemtype="https://schema.org/ListItem" itemprop="itemListElement" itemscope>{% if loop.last %}<span itemtype="https://schema.org/Thing" itemprop="item" itemid="{{ breadcrumb.href }}" itemscope><span itemprop="name">{{ breadcrumb.text }}</span></span>{% else %}<a href="{{ breadcrumb.href }}" itemtype="https://schema.org/Thing" itemprop="item" itemid="{{ breadcrumb.href }}" itemscope><span itemprop="name">{{ breadcrumb.text }}</span></a>{% endif %}<meta itemprop="position" content="{{ loop.index - 1 }}" /></li>{% endif %}]]></add>
        </operation>
    </file>

    <file path="catalog/view/theme/*/template/information/contact.twig" error="skip">
        <operation error="skip">
            <search><![CDATA[<ul class="breadcrumb">]]></search>
            <add position="replace"><![CDATA[<ul class="breadcrumb" itemscope itemtype="https://schema.org/BreadcrumbList">]]></add>
        </operation>
        <operation error="skip">
            <search><![CDATA[<li><a href="{{ breadcrumb.href }}">{{ breadcrumb.text }}</a></li>]]></search>
            <add position="replace"><![CDATA[{% if loop.first %}<li><a href="{{ breadcrumb.href }}">{{ breadcrumb.text }}</a></li>{% else %}<li itemtype="https://schema.org/ListItem" itemprop="itemListElement" itemscope>{% if loop.last %}<span itemtype="https://schema.org/Thing" itemprop="item" itemid="{{ breadcrumb.href }}" itemscope><span itemprop="name">{{ breadcrumb.text }}</span></span>{% else %}<a href="{{ breadcrumb.href }}" itemtype="https://schema.org/Thing" itemprop="item" itemid="{{ breadcrumb.href }}" itemscope><span itemprop="name">{{ breadcrumb.text }}</span></a>{% endif %}<meta itemprop="position" content="{{ loop.index - 1 }}" /></li>{% endif %}]]></add>
        </operation>
    </file>

    <file path="catalog/view/theme/*/template/information/information.twig" error="skip">
        <operation error="skip">
            <search><![CDATA[<ul class="breadcrumb">]]></search>
            <add position="replace"><![CDATA[<ul class="breadcrumb" itemscope itemtype="https://schema.org/BreadcrumbList">]]></add>
        </operation>
        <operation error="skip">
            <search><![CDATA[<li><a href="{{ breadcrumb.href }}">{{ breadcrumb.text }}</a></li>]]></search>
            <add position="replace"><![CDATA[{% if loop.first %}<li><a href="{{ breadcrumb.href }}">{{ breadcrumb.text }}</a></li>{% else %}<li itemtype="https://schema.org/ListItem" itemprop="itemListElement" itemscope>{% if loop.last %}<span itemtype="https://schema.org/Thing" itemprop="item" itemid="{{ breadcrumb.href }}" itemscope><span itemprop="name">{{ breadcrumb.text }}</span></span>{% else %}<a href="{{ breadcrumb.href }}" itemtype="https://schema.org/Thing" itemprop="item" itemid="{{ breadcrumb.href }}" itemscope><span itemprop="name">{{ breadcrumb.text }}</span></a>{% endif %}<meta itemprop="position" content="{{ loop.index - 1 }}" /></li>{% endif %}]]></add>
        </operation>
    </file>

    <file path="catalog/view/theme/*/template/information/sitemap.twig" error="skip">
        <operation error="skip">
            <search><![CDATA[<ul class="breadcrumb">]]></search>
            <add position="replace"><![CDATA[<ul class="breadcrumb" itemscope itemtype="https://schema.org/BreadcrumbList">]]></add>
        </operation>
        <operation error="skip">
            <search><![CDATA[<li><a href="{{ breadcrumb.href }}">{{ breadcrumb.text }}</a></li>]]></search>
            <add position="replace"><![CDATA[{% if loop.first %}<li><a href="{{ breadcrumb.href }}">{{ breadcrumb.text }}</a></li>{% else %}<li itemtype="https://schema.org/ListItem" itemprop="itemListElement" itemscope>{% if loop.last %}<span itemtype="https://schema.org/Thing" itemprop="item" itemid="{{ breadcrumb.href }}" itemscope><span itemprop="name">{{ breadcrumb.text }}</span></span>{% else %}<a href="{{ breadcrumb.href }}" itemtype="https://schema.org/Thing" itemprop="item" itemid="{{ breadcrumb.href }}" itemscope><span itemprop="name">{{ breadcrumb.text }}</span></a>{% endif %}<meta itemprop="position" content="{{ loop.index - 1 }}" /></li>{% endif %}]]></add>
        </operation>
    </file>

</modification>
