<?xml version="1.0" encoding="utf-8"?>
<!--
  * Breadcrumbs SEO (Microdata) v1.3 (https://github.com/underr-ua/ocmod3-breadcrumbs-seo)
  * Copyright 2018 Andrii Burkatskyi aka underr
  * Licensed under MIT (https://raw.githubusercontent.com/underr-ua/ocmod3-breadcrumbs-seo/master/LICENSE)
-->
<modification>
    <name>[underr] Breadcrumbs SEO (Microdata)</name>
    <code>breadcrumbs-seo</code>
    <version>1.2</version>
    <author>Andrii Burkatskyi aka underr</author>
    <link>https://github.com/underr-ua/ocmod3-breadcrumbs-seo</link>

    <file path="catalog/view/theme/*/template/product/{category,compare,manufacturer_info,manufacturer_list,product,search,special}.twig" error="log">
        <operation error="log">
            <search><![CDATA[<ul class="breadcrumb">]]></search>
            <add position="replace"><![CDATA[<ul class="breadcrumb" itemscope itemtype="https://schema.org/BreadcrumbList">]]></add>
        </operation>
        <operation error="log">
            <search><![CDATA[<li><a href="{{ breadcrumb.href }}">{{ breadcrumb.text }}</a></li>]]></search>
            <add position="replace"><![CDATA[{% if loop.first %}<li><a href="{{ breadcrumb.href }}">{{ breadcrumb.text }}</a></li>{% else %}<li itemtype="https://schema.org/ListItem" itemprop="itemListElement" itemscope>{% if loop.last %}<span itemtype="https://schema.org/Thing" itemprop="item" itemid="{{ breadcrumb.href }}" itemscope><span itemprop="name">{{ breadcrumb.text }}</span></span>{% else %}<a href="{{ breadcrumb.href }}" itemtype="https://schema.org/Thing" itemprop="item" itemid="{{ breadcrumb.href }}" itemscope><span itemprop="name">{{ breadcrumb.text }}</span></a>{% endif %}<meta itemprop="position" content="{{ loop.index - 1 }}" /></li>{% endif %}]]></add>
        </operation>
    </file>

    <file path="catalog/view/theme/*/template/checkout/{cart,checkout}.twig" error="log">
        <operation error="log">
            <search><![CDATA[<ul class="breadcrumb">]]></search>
            <add position="replace"><![CDATA[<ul class="breadcrumb" itemscope itemtype="https://schema.org/BreadcrumbList">]]></add>
        </operation>
        <operation error="log">
            <search><![CDATA[<li><a href="{{ breadcrumb.href }}">{{ breadcrumb.text }}</a></li>]]></search>
            <add position="replace"><![CDATA[{% if loop.first %}<li><a href="{{ breadcrumb.href }}">{{ breadcrumb.text }}</a></li>{% else %}<li itemtype="https://schema.org/ListItem" itemprop="itemListElement" itemscope>{% if loop.last %}<span itemtype="https://schema.org/Thing" itemprop="item" itemid="{{ breadcrumb.href }}" itemscope><span itemprop="name">{{ breadcrumb.text }}</span></span>{% else %}<a href="{{ breadcrumb.href }}" itemtype="https://schema.org/Thing" itemprop="item" itemid="{{ breadcrumb.href }}" itemscope><span itemprop="name">{{ breadcrumb.text }}</span></a>{% endif %}<meta itemprop="position" content="{{ loop.index - 1 }}" /></li>{% endif %}]]></add>
        </operation>
    </file>

    <file path="catalog/view/theme/*/template/common/success.twig" error="log">
        <operation error="log">
            <search><![CDATA[<ul class="breadcrumb">]]></search>
            <add position="replace"><![CDATA[<ul class="breadcrumb" itemscope itemtype="https://schema.org/BreadcrumbList">]]></add>
        </operation>
        <operation error="log">
            <search><![CDATA[<li><a href="{{ breadcrumb.href }}">{{ breadcrumb.text }}</a></li>]]></search>
            <add position="replace"><![CDATA[{% if loop.first %}<li><a href="{{ breadcrumb.href }}">{{ breadcrumb.text }}</a></li>{% else %}<li itemtype="https://schema.org/ListItem" itemprop="itemListElement" itemscope>{% if loop.last %}<span itemtype="https://schema.org/Thing" itemprop="item" itemid="{{ breadcrumb.href }}" itemscope><span itemprop="name">{{ breadcrumb.text }}</span></span>{% else %}<a href="{{ breadcrumb.href }}" itemtype="https://schema.org/Thing" itemprop="item" itemid="{{ breadcrumb.href }}" itemscope><span itemprop="name">{{ breadcrumb.text }}</span></a>{% endif %}<meta itemprop="position" content="{{ loop.index - 1 }}" /></li>{% endif %}]]></add>
        </operation>
    </file>

    <file path="catalog/view/theme/*/template/extension/module/buy.twig" error="log">
        <operation error="log">
            <search><![CDATA[<ul class="breadcrumb">]]></search>
            <add position="replace"><![CDATA[<ul class="breadcrumb" itemscope itemtype="https://schema.org/BreadcrumbList">]]></add>
        </operation>
        <operation error="log">
            <search><![CDATA[<li><a href="{{ breadcrumb.href }}">{{ breadcrumb.text }}</a></li>]]></search>
            <add position="replace"><![CDATA[{% if loop.first %}<li><a href="{{ breadcrumb.href }}">{{ breadcrumb.text }}</a></li>{% else %}<li itemtype="https://schema.org/ListItem" itemprop="itemListElement" itemscope>{% if loop.last %}<span itemtype="https://schema.org/Thing" itemprop="item" itemid="{{ breadcrumb.href }}" itemscope><span itemprop="name">{{ breadcrumb.text }}</span></span>{% else %}<a href="{{ breadcrumb.href }}" itemtype="https://schema.org/Thing" itemprop="item" itemid="{{ breadcrumb.href }}" itemscope><span itemprop="name">{{ breadcrumb.text }}</span></a>{% endif %}<meta itemprop="position" content="{{ loop.index - 1 }}" /></li>{% endif %}]]></add>
        </operation>
    </file>

    <file path="catalog/view/theme/*/template/affiliate/{login,register}.twig" error="log">
        <operation error="log">
            <search><![CDATA[<ul class="breadcrumb">]]></search>
            <add position="replace"><![CDATA[<ul class="breadcrumb" itemscope itemtype="https://schema.org/BreadcrumbList">]]></add>
        </operation>
        <operation error="log">
            <search><![CDATA[<li><a href="{{ breadcrumb.href }}">{{ breadcrumb.text }}</a></li>]]></search>
            <add position="replace"><![CDATA[{% if loop.first %}<li><a href="{{ breadcrumb.href }}">{{ breadcrumb.text }}</a></li>{% else %}<li itemtype="https://schema.org/ListItem" itemprop="itemListElement" itemscope>{% if loop.last %}<span itemtype="https://schema.org/Thing" itemprop="item" itemid="{{ breadcrumb.href }}" itemscope><span itemprop="name">{{ breadcrumb.text }}</span></span>{% else %}<a href="{{ breadcrumb.href }}" itemtype="https://schema.org/Thing" itemprop="item" itemid="{{ breadcrumb.href }}" itemscope><span itemprop="name">{{ breadcrumb.text }}</span></a>{% endif %}<meta itemprop="position" content="{{ loop.index - 1 }}" /></li>{% endif %}]]></add>
        </operation>
    </file>

    <file path="catalog/view/theme/*/template/error/not_found.twig" error="log">
        <operation error="log">
            <search><![CDATA[<ul class="breadcrumb">]]></search>
            <add position="replace"><![CDATA[<ul class="breadcrumb" itemscope itemtype="https://schema.org/BreadcrumbList">]]></add>
        </operation>
        <operation error="log">
            <search><![CDATA[<li><a href="{{ breadcrumb.href }}">{{ breadcrumb.text }}</a></li>]]></search>
            <add position="replace"><![CDATA[{% if loop.first %}<li><a href="{{ breadcrumb.href }}">{{ breadcrumb.text }}</a></li>{% else %}<li itemtype="https://schema.org/ListItem" itemprop="itemListElement" itemscope>{% if loop.last %}<span itemtype="https://schema.org/Thing" itemprop="item" itemid="{{ breadcrumb.href }}" itemscope><span itemprop="name">{{ breadcrumb.text }}</span></span>{% else %}<a href="{{ breadcrumb.href }}" itemtype="https://schema.org/Thing" itemprop="item" itemid="{{ breadcrumb.href }}" itemscope><span itemprop="name">{{ breadcrumb.text }}</span></a>{% endif %}<meta itemprop="position" content="{{ loop.index - 1 }}" /></li>{% endif %}]]></add>
        </operation>
    </file>


    <file path="catalog/view/theme/*/template/information/{contact,information,sitemap,tracking}.twig" error="log">
        <operation error="log">
            <search><![CDATA[<ul class="breadcrumb">]]></search>
            <add position="replace"><![CDATA[<ul class="breadcrumb" itemscope itemtype="https://schema.org/BreadcrumbList">]]></add>
        </operation>
        <operation error="log">
            <search><![CDATA[<li><a href="{{ breadcrumb.href }}">{{ breadcrumb.text }}</a></li>]]></search>
            <add position="replace"><![CDATA[{% if loop.first %}<li><a href="{{ breadcrumb.href }}">{{ breadcrumb.text }}</a></li>{% else %}<li itemtype="https://schema.org/ListItem" itemprop="itemListElement" itemscope>{% if loop.last %}<span itemtype="https://schema.org/Thing" itemprop="item" itemid="{{ breadcrumb.href }}" itemscope><span itemprop="name">{{ breadcrumb.text }}</span></span>{% else %}<a href="{{ breadcrumb.href }}" itemtype="https://schema.org/Thing" itemprop="item" itemid="{{ breadcrumb.href }}" itemscope><span itemprop="name">{{ breadcrumb.text }}</span></a>{% endif %}<meta itemprop="position" content="{{ loop.index - 1 }}" /></li>{% endif %}]]></add>
        </operation>
    </file>

    <file path="catalog/view/theme/*/template/account/{account,address_form,address_list,affiliate,download,edit,forgotten,login,newsletter,order_info,order_list,password,recurring_info,recurring_list,register,reset,return_info,return_list,return_form,reward,tracking,transaction,voucher,wishlist}.twig" error="log">
        <operation error="log">
            <search><![CDATA[<ul class="breadcrumb">]]></search>
            <add position="replace"><![CDATA[<ul class="breadcrumb" itemscope itemtype="https://schema.org/BreadcrumbList">]]></add>
        </operation>
        <operation error="log">
            <search><![CDATA[<li><a href="{{ breadcrumb.href }}">{{ breadcrumb.text }}</a></li>]]></search>
            <add position="replace"><![CDATA[{% if loop.first %}<li><a href="{{ breadcrumb.href }}">{{ breadcrumb.text }}</a></li>{% else %}<li itemtype="https://schema.org/ListItem" itemprop="itemListElement" itemscope>{% if loop.last %}<span itemtype="https://schema.org/Thing" itemprop="item" itemid="{{ breadcrumb.href }}" itemscope><span itemprop="name">{{ breadcrumb.text }}</span></span>{% else %}<a href="{{ breadcrumb.href }}" itemtype="https://schema.org/Thing" itemprop="item" itemid="{{ breadcrumb.href }}" itemscope><span itemprop="name">{{ breadcrumb.text }}</span></a>{% endif %}<meta itemprop="position" content="{{ loop.index - 1 }}" /></li>{% endif %}]]></add>
        </operation>
    </file>

</modification>
